<beans xmlns="http://www.springframework.org/schema/beans"
	xmlns:context="http://www.springframework.org/schema/context" xmlns:p="http://www.springframework.org/schema/p"
	xmlns:aop="http://www.springframework.org/schema/aop" xmlns:tx="http://www.springframework.org/schema/tx"
	xmlns:xsi="http://www.w3.org/2001/XMLSchema-instance"
	xsi:schemaLocation="http://www.springframework.org/schema/beans http://www.springframework.org/schema/beans/spring-beans-4.0.xsd
	http://www.springframework.org/schema/context http://www.springframework.org/schema/context/spring-context-4.0.xsd
	http://www.springframework.org/schema/aop http://www.springframework.org/schema/aop/spring-aop-4.0.xsd http://www.springframework.org/schema/tx http://www.springframework.org/schema/tx/spring-tx-4.0.xsd
	http://www.springframework.org/schema/util http://www.springframework.org/schema/util/spring-util-4.0.xsd">
	<context:property-placeholder location="classpath:properties/*.properties" />
	<bean class="com.alibaba.druid.pool.DruidDataSource" id="dataSource"
		destroy-method="close">
		<property name="url" value="${jdbc.url}" />
		<property name="username" value="${jdbc.username}" />
		<property name="password" value="${jdbc.password}" />
		<property name="driverClassName" value="${jdbc.driver}" />
		<property name="maxActive" value="10" />
		<property name="minIdle" value="5" />
	</bean>
	<bean class="org.mybatis.spring.SqlSessionFactoryBean" id="sqlSessionFactory">
		<property name="dataSource" ref="dataSource" />
		<property name="configLocation" value="classpath:mybatis/SqlMapConfig.xml" />
	</bean>
	<bean class="org.mybatis.spring.mapper.MapperScannerConfigurer">
		<property name="basePackage" value="com.shopping.mapper" />
	</bean>
</beans>